<?xml version="1.0" encoding="UTF-8"?>
<!DOCTYPE mapper
    PUBLIC "-//mybatis.org//DTD Mapper 3.0//EN"
    "http://mybatis.org/dtd/mybatis-3-mapper.dtd">

<mapper namespace="kr.ac.sku.bookhere">


	<resultMap type="Book" id="BookList">
		<result column="isbn" property="isbn" />
		<result column="author" property="author" />
		<result column="publisher" property="publisher" />
		<result column="bookprice" property="bookprice" />
		<result column="bookintro" property="bookintro" />
		<result column="img" property="img" />
	</resultMap>



	<resultMap type="Book" id="ProdidBookcd">
		<result column="prodid" property="prodid" />
		<result column="bookcd" property="bookcd" />
	</resultMap>


	<insert id="insertBook" parameterType="Book">
   <![CDATA[
         INSERT INTO book(isbn) VALUES(#{isbn})
   ]]>
	</insert>

	<update id="updateProdid" parameterType="Book">
   <![CDATA[
         UPDATE book SET prodid = #{prodid} WHERE isbn = #{isbn}
   ]]>
	</update>

	<update id="updateBookcd" parameterType="Book">
   <![CDATA[
         UPDATE book SET bookcd = #{bookcd} WHERE isbn = #{isbn}
   ]]>
	</update>

	<update id="updateBook" parameterType="Book">
   <![CDATA[
         UPDATE book 
         SET bookname = #{bookname}, author = #{author}, publisher = #{publisher}, bookprice = #{bookprice}, saleprice = #{saleprice},
         bookintro= #{bookintro}, img = #{img}
         WHERE isbn = #{isbn}
   ]]>
	</update>

	<select id="prodidbookcd" parameterType="Book" resultMap="ProdidBookcd">
   <![CDATA[
   	SELECT * FROM book WHERE isbn=#{isbn}
   ]]>
	</select>

	<select id="selectBook" parameterType="Book" resultMap="BookList">
   <![CDATA[
    	SELECT * FROM book WHERE isbn=#{isbn}  
    ]]>
	</select>

	<select id="selectIsbn" parameterType="Book" resultType="String">
   <![CDATA[
	select isbn from book where prodid=#{prodid}
    ]]>
	</select>


	<select id="selectAllIsbn" resultMap="BookList">
   <![CDATA[
       SELECT isbn FROM book
    ]]>
	</select>

</mapper>