<?xml version="1.0" encoding="UTF-8"?>

<!DOCTYPE mapper
    PUBLIC "-//mybatis.org//DTD Mapper 3.0//EN"
    "http://mybatis.org/dtd/mybatis-3-mapper.dtd">

<mapper namespace="kr.ac.sku.bookhere.BookShelf">
<resultMap type="BookShelf" id="BookShelfResultMap">
      <result column="id" property="id"/>
      <result column="likecount" property="likecount"/>
      <result column="isbn" property="isbn"/>
      <result column="bookname" property="bookname"/>
       <result column="pic" property="pic"/>
   </resultMap>
   
   
    
   <!-- bookshelfList -->
	<select id="selectBookShelfList" parameterType="BookShelf" resultMap="BookShelfResultMap">
   <![CDATA[
    select member.id, member.likecount, member.pic from member,book,mybook 
    where book.isbn=mybook.isbn and member.id=mybook.id and book.bookname like '%'||#{bookname }||'%' or member.id like  '%'||#{id }||'%' 
    group by member.id, member.likecount,member.pic
   ]]>   
   </select>
   
   <select id="selectBookNameList" parameterType="String" resultMap="BookShelfResultMap">
   <![CDATA[
  	select member.id, member.likecount,member.pic from member,book,mybook 
	where book.isbn=mybook.isbn and member.id=mybook.id and book.bookname like '%'||#{bookname }||'%'
	group by member.id, member.likecount,member.pic

    ]]>   
   </select>
   
    <select id="selectMemberList" parameterType="String" resultMap="BookShelfResultMap">
   <![CDATA[
  	select id,likecount,pic from member where id like '%'||#{id }||'%'
    ]]>   
   </select>
   
   
   	<select id="searchList" resultMap="BookShelfResultMap" parameterType="Search">
		<!-- 전체, 책이름, 아이디 검색-->
		    select * from(
			select rownum as r_num, a.*
			from(select member.id, member.likecount,member.pic from member,book,mybook 
		<if test="searchType != null">
		
			<where>
			  book.isbn=mybook.isbn and member.id=mybook.id and
				<choose>
					<when test="searchType == 1">
					book.bookname like '%'||#{searchValue }||'%' or member.id like  '%'||#{searchValue }||'%'
					minus select member.id, member.likecount,member.pic from member where member.id='manager'
					</when>
					<when test="searchType == 2">
					book.bookname like '%'|| #{searchValue} || '%'
					</when>
					<!-- 응용 : 제시된 가격보다 비교연산을 해서 처리 할 수 있다. -->
					<when test="searchType == 3">
					member.id like '%'|| #{searchValue} || '%'
					minus select member.id, member.likecount,member.pic from member where member.id='manager'
					</when>
				
					<otherwise>
						
					</otherwise>
				</choose>
			</where>
		</if>
		   group by member.id, member.likecount,member.pic) a )
   		   where r_num between #{begin} and #{end}
	</select>
   
   
   	
	<select id="searchListTotal" resultType="int" parameterType="Search">
	 select count(*) from
	(select member.id, member.likecount,member.pic from member,book,mybook 
	  <where>
	  book.isbn=mybook.isbn and member.id=mybook.id and
				<choose>
					<when test="searchType == 1">
					book.bookname like '%'||#{searchValue }||'%' or member.id like  '%'||#{searchValue }||'%' 
					minus select member.id, member.likecount,member.pic from member where member.id='manager'
					</when>
					<when test="searchType == 2">
					book.bookname like '%'|| #{searchValue} || '%'
					</when>
					<!-- 응용 : 제시된 가격보다 비교연산을 해서 처리 할 수 있다. -->
					<when test="searchType == 3">
					member.id like '%'|| #{searchValue} || '%' 
					minus select member.id, member.likecount,member.pic from member where member.id='manager'
					</when>
				
					<otherwise>
						
					</otherwise>
				</choose>
			</where>
			group by member.id, member.likecount,member.pic)
	</select>
</mapper>