<?xml version="1.0" encoding="UTF-8"?>
<!DOCTYPE mapper
    PUBLIC "-//mybatis.org//DTD Mapper 3.0//EN"
    "http://mybatis.org/dtd/mybatis-3-mapper.dtd">

<mapper namespace="kr.ac.sku.bookhere.Gstock">


	<resultMap type="Gstock" id="GstockResultMap">
		<result column="storename" property="storename" />
		<result column="branchname" property="branchname" />
		<result column="isbn" property="isbn" />
		<result column="stock" property="stock" />
	</resultMap>

	<select id="kyoboStockList" parameterType="Gstock" resultMap="GstockResultMap">
   <![CDATA[
  	 SELECT * FROM gstock WHERE isbn=#{isbn} and storename='교보문고'
   ]]>
	</select>
	
	<select id="bandiStockList" parameterType="Gstock" resultMap="GstockResultMap">
   <![CDATA[
  	 SELECT * FROM gstock WHERE isbn=#{isbn} and storename='반디앤루니스'
   ]]>
	</select>
	
	<select id="ypStockList" parameterType="Gstock" resultMap="GstockResultMap">
   <![CDATA[
  	 SELECT * FROM gstock WHERE isbn=#{isbn} and storename='영풍문고'
   ]]>
	</select>

	<select id="aladinStockList" parameterType="Gstock" resultMap="GstockResultMap">
   <![CDATA[
  	 SELECT * FROM gstock WHERE isbn=#{isbn} and storename='알라딘'
   ]]>
	</select>


	<insert id="insertKyoboStock" parameterType="Gstock">
   <![CDATA[
         INSERT INTO gstock(gstock_seq,storename,branchname,isbn,stock)
         VALUES(gstock_seq.nextVal,'교보문고',#{branchname},#{isbn},#{stock})
   ]]>
	</insert>

	<insert id="insertBandiStock" parameterType="Gstock">
   <![CDATA[
         INSERT INTO gstock(gstock_seq,storename,branchname,isbn,stock)
         VALUES(gstock_seq.nextVal,'반디앤루니스',#{branchname},#{isbn},#{stock})
   ]]>
	</insert>

	<insert id="insertYpStock" parameterType="Gstock">
   <![CDATA[
         INSERT INTO gstock(gstock_seq,storename,branchname,isbn,stock)
         VALUES(gstock_seq.nextVal,'영풍문고',#{branchname},#{isbn},#{stock})
   ]]>
	</insert>

	<insert id="insertAladinStock" parameterType="Gstock">
   <![CDATA[
         INSERT INTO gstock(gstock_seq,storename,branchname,isbn,stock)
         VALUES(gstock_seq.nextVal,'알라딘',#{branchname},#{isbn},#{stock})
   ]]>
	</insert>
	
	<select id="hasStock" parameterType="Gstock" resultMap="GstockResultMap">
   <![CDATA[
  	 SELECT * FROM gstock
  	 WHERE isbn=#{isbn} AND storename = #{storename} AND branchname = #{branchname} AND stock != '0'
   ]]>
	</select>
	
	<update id="updateGStock" parameterType="Gstock">
   <![CDATA[
         update gstock set stock=#{stock} 
         where storename = #{storename} and branchname =#{branchname} and isbn =#{isbn}
   ]]>
   </update>
	
</mapper>