<?xml version="1.0" encoding="UTF-8"?>

<!DOCTYPE mapper
    PUBLIC "-//mybatis.org//DTD Mapper 3.0//EN"
    "http://mybatis.org/dtd/mybatis-3-mapper.dtd">

<mapper namespace="kr.ac.sku.bookhere.Member">

   <resultMap type="Member" id="MemberResultMap">
      <result column="id" property="id"/>
      <result column="password" property="password"/>
      <result column="name" property="name"/>
      <result column="phonenumber" property="phonenumber"/>
      <result column="mail" property="mail"/>
      <result column="pic" property="pic"/>
      <result column="likecount" property="likecount"/>
      <result column="owner" property="owner"/>
   </resultMap>
   

   <!-- 멤버등록 -->
   <insert id="insertMember" parameterType="Member">
   <![CDATA[
         INSERT INTO member(id,password,name,phonenumber,mail,pic,likecount)
         VALUES(#{id},#{password},#{name},#{phonenumber},#{mail},#{pic},0)
   ]]>
   </insert>
   
   <!-- 멤버삭제 -->
   <delete id="deleteMember" parameterType="Member">
   <![CDATA[
         DELETE FROM member WHERE id=#{id}
   ]]>
   </delete>
   
   <!-- 멤버정보수정 -->
   <update id="updateMember" parameterType="Member">
   <![CDATA[
         UPDATE member 
         SET name = #{name}, password = #{password}, phonenumber = #{phonenumber}, mail = #{mail},
                  pic = #{pic}, likecount=#{likecount}, owner=#{owner} 
         WHERE id=#{id} 
   ]]>
   </update>
   
   <!-- 전체 멤버 select -->
   <select id="selectMemberList" parameterType="Member" resultMap="MemberResultMap">
   <![CDATA[
         SELECT * FROM member 
   ]]>   
   </select>
   
   <!-- 특정 멤버 select -->
   <select id="selectMember" parameterType="Member" resultMap="MemberResultMap">
   <![CDATA[
         SELECT * FROM member WHERE id=#{id}
   ]]>   
   </select>
   
   <!-- 좋아요 누르면 카운트 증가 -->
   <update id="updateLikeCount" parameterType="Member">
   <![CDATA[
   UPDATE member SET likecount=likecount+1 WHERE id = #{id}
   ]]>
   </update>
   
   <!-- 좋아요를 많이 받은 멤버 select -->
   <select id="selectTopMemberList" parameterType="Member" resultMap="MemberResultMap">
   <![CDATA[
         SELECT * FROM member order by likecount desc
   ]]>   
   </select>
   
   <!-- 동네서점 삭제시 owner 0로 수정 -->   
   <update id="updateOwner0" parameterType="Member">
   <![CDATA[
        UPDATE member SET owner = 0 WHERE id = #{id}
   ]]>
   </update>
   
   <!-- 동네서점 등록시 owner 1로 수정 -->   
   <update id="updateOwner1" parameterType="Member">
   <![CDATA[
        UPDATE member SET owner = 1 WHERE id = #{id}
   ]]>
   </update>

   <!-- 동네서점 관리자 승인시 owner 2로 수정 -->   
   <update id="updateOwner2" parameterType="Member">
   <![CDATA[
        UPDATE member SET owner = 2 WHERE id = #{id}
   ]]>
   </update>
   
   <!-- notification 확인시 owner 3로 수정 -->   
   <update id="updateOwner3" parameterType="Member">
   <![CDATA[
        UPDATE member SET owner = 3 WHERE id = #{id}
   ]]>
   </update>
   
   <!-- 관리자 승인을 받은 동네서점을 등록한 멤버 select -->
   <select id="selectOwner" parameterType="Member" resultMap="MemberResultMap">
   <![CDATA[
      SELECT * FROM member WHERE owner = 2
   ]]>   
   </select>
      
	 
	<!-- 책장 멤버 리스트-->
	<select id="memberList" parameterType="Member" resultMap="MemberResultMap">
		select *
		from
		(
			select rownum as r_num, a.*
			from(select * from member minus select * from member where id='manager') a
		)
		where r_num between #{begin} and #{end}
		
	</select>
   	
   	<!-- 책장 멤버 수 -->
	<select id="listTotal" resultType="int">
		select count(*) cnt from member minus select count(*) from member where id='manager'
	</select>
   
</mapper>