<?xml version="1.0" encoding="UTF-8"?>
<!DOCTYPE mapper
    PUBLIC "-//mybatis.org//DTD Mapper 3.0//EN"
    "http://mybatis.org/dtd/mybatis-3-mapper.dtd">

<mapper namespace="kr.ac.sku.bookhere.Stock">

	<resultMap type="Stock" id="StockResultMap">
		<result column="branchid" property="branchid" />
		<result column="isbn" property="isbn" />
		<result column="stock" property="stock" />
	</resultMap>
	
	<resultMap type="Gstock" id="StockResultMap2">
		<result column="storename" property="storename" />
		<result column="branchname" property="branchname" />
		<result column="isbn" property="isbn" />
		<result column="stock" property="stock" />
	</resultMap>
	
   <insert id="insertStock" parameterType="Stock">
   <![CDATA[
         INSERT INTO stock(branchid, isbn, stock)
         VALUES(#{branchid}, #{isbn}, #{stock})
   ]]>
   </insert>
   
   <insert id="insertStockG" parameterType="Stock">
   <![CDATA[
         INSERT INTO stock(branchid, isbn, stock)
         VALUES(#{branchid}, #{isbn}, #{stock})
   ]]>
   </insert>
   
   <!-- 동네서점 재고 삭제 -->
   	<delete id="deleteStock" parameterType="int">
   <![CDATA[
   		DELETE FROM stock WHERE branchid = #{branchid}
   ]]>
	</delete>
	
	<!-- 특정 동네서점 재고 select -->
	<select id="selectStockList" parameterType="int" resultMap="StockResultMap">
	<![CDATA[
		SELECT * FROM stock WHERE branchid = #{branchid}
	]]>
	</select>
	
	<select id="selectLocalStock" parameterType="Stock" resultMap="StockResultMap2">
   <![CDATA[
   		SELECT b.storename, b.branchname, s.stock 
   		FROM bookstore b, stock s 
   		WHERE b.branchid = s.branchid AND s.isbn = #{isbn}
   ]]>
	</select>
	
   
</mapper>