<?xml version="1.0" encoding="UTF-8"?>
<beans xmlns="http://www.springframework.org/schema/beans"
   xmlns:context="http://www.springframework.org/schema/context"
   xmlns:xsi="http://www.w3.org/2001/XMLSchema-instance" 
   xmlns:mvc="http://www.springframework.org/schema/mvc"
   xsi:schemaLocation="http://www.springframework.org/schema/beans 
   http://www.springframework.org/schema/beans/spring-beans-3.0.xsd 
   http://www.springframework.org/schema/context 
   http://www.springframework.org/schema/context/spring-context-3.0.xsd
   http://www.springframework.org/schema/mvc
   http://www.springframework.org/schema/mvc/spring-mvc.xsd">

   <mvc:resources location="/css/" mapping="/css/**" />
   <mvc:resources location="/fonts/" mapping="/fonts/**" />
   <mvc:resources location="/img/" mapping="/img/**" />
   <mvc:resources location="/js/" mapping="/js/**" />
   <mvc:resources location="/lib/" mapping="/lib/**" />
   <mvc:resources location="/lib/img" mapping="/lib/img/**" />
   <mvc:resources location="/script/" mapping="/script/**" />
   <mvc:resources location="/venobox/" mapping="/venobox/**" />
   <mvc:resources location="/bk/" mapping="/bk/**" />
   <mvc:annotation-driven />
   <mvc:default-servlet-handler/>
   
	<context:component-scan base-package="kr.ac.sku.bookhere.*" /> 

	<!-- 디렉토리나 확장자를 붙여준다. -->
	<!-- 내가 만드는 것 말고 애초에 들어있는건 빈을 등록 -->
   <bean id="viewResolver"
      class="org.springframework.web.servlet.view.UrlBasedViewResolver">
      <property name="viewClass"
         value="org.springframework.web.servlet.view.JstlView" />
      
      <property name="suffix" value=".jsp" />
   </bean>
   
   	<bean id="multipartResolver"
	class="org.springframework.web.multipart.commons.CommonsMultipartResolver">
	</bean>
   

</beans>